{
  "auc": 0.6213727678571428,
  "f1": 0.28,
  "precision": 0.17796610169491525,
  "recall": 0.65625,
  "confusion_matrix": [
    [
      198,
      194
    ],
    [
      22,
      42
    ]
  ],
  "threshold": 0.45,
  "base_models": [
    "catboost"
  ]
}