{
  "model_type": "catboost",
  "threshold": 0.47000000000000003,
  "auc": 0.6310586734693877,
  "f1": 0.2952029520295203,
  "precision": 0.1932367149758454,
  "recall": 0.625,
  "confusion_matrix": [
    [
      225,
      167
    ],
    [
      24,
      40
    ]
  ]
}