{
  "model_type": "xgboost",
  "threshold": 0.37,
  "auc": 0.6377551020408162,
  "f1": 0.2943396226415094,
  "precision": 0.19402985074626866,
  "recall": 0.609375,
  "confusion_matrix": [
    [
      230,
      162
    ],
    [
      25,
      39
    ]
  ]
}