{
  "model_type": "catboost",
  "threshold": 0.53,
  "auc": 0.6254783163265306,
  "f1": 0.2869198312236287,
  "precision": 0.19653179190751446,
  "recall": 0.53125,
  "confusion_matrix": [
    [
      253,
      139
    ],
    [
      30,
      34
    ]
  ]
}