{
  "n_test": 456,
  "dl": {
    "confusion_matrix": [
      [
        176,
        216
      ],
      [
        24,
        40
      ]
    ],
    "f1": 0.25,
    "precision": 0.15625,
    "recall": 0.625,
    "auc": 0.5784837372448979,
    "sum_reward": -19.682819811069333,
    "avg_reward": -0.04316407853304678,
    "std_reward": 0.4123636366059837,
    "threshold_used": 0.22
  },
  "rl": {
    "confusion_matrix": [
      [
        185,
        207
      ],
      [
        38,
        26
      ]
    ],
    "f1": 0.1750841750841751,
    "precision": 0.11158798283261803,
    "recall": 0.40625,
    "auc": null,
    "sum_reward": 16.53787910092794,
    "avg_reward": 0.03626727873010513,
    "std_reward": 0.19104520614985981
  },
  "summary": {
    "dl_auc": 0.5784837372448979,
    "dl_f1": 0.25,
    "dl_avg_reward": -0.04316407853304678,
    "rl_f1": 0.1750841750841751,
    "rl_avg_reward": 0.03626727873010513
  }
}