{
  "iterations": 1967,
  "learning_rate": 0.024788564580328576,
  "depth": 4,
  "l2_leaf_reg": 0.12254967520839148
}