{
  "catboost": {
    "val_auc": 0.6970193080140725
  },
  "xgboost": {
    "val_auc": 0.6888944292085654
  }
}