{
  "mode": "logreg_fallback",
  "train_samples": 9012,
  "accuracy": 0.6755407653910149,
  "f1": 0.7034972123669538,
  "precision": 0.7110655737704918,
  "recall": 0.6960882647943831
}